{"minzoom":0,"maxzoom":8,"center":[34.453125,31.35172,8.0],"bounds":[34.218002,31.223944,35.572357,32.552052]}