{"minzoom":0,"maxzoom":9,"center":[35.507813,32.249488,9.0],"bounds":[34.218002,31.223944,35.572357,32.552052]}